task_id,entry_point,pass_rate,assertion_failures,syntax_failures,timeouts,dominant_failure_category,reference_suite_passed,dual_engineering_review_completed,release_decision
ExtendedEval/7_regex,filter_by_pattern,0/15 (0.00%),15,0,0,invalid_input_or_validation,True,False,revise
ExtendedEval/14,all_prefixes,0/15 (0.00%),15,0,0,boundary_or_threshold,True,False,retain
ExtendedEval/15,string_sequence,0/15 (0.00%),15,0,0,boundary_or_threshold,True,False,retain
ExtendedEval/21_variant2,rescale_to_unit,0/15 (0.00%),15,0,0,invalid_input_or_validation,True,False,retain
ExtendedEval/81,grade_calculator,0/15 (0.00%),13,0,0,boundary_or_threshold,True,False,revise
ExtendedEval/148,bf,0/15 (0.00%),15,0,0,output_shape_or_format,True,False,retain
ExtendedEval/149,sorted_list_sum,0/15 (0.00%),15,0,0,specification_misinterpretation,True,False,revise
ExtendedEval/recursion_2,nested_sum,0/15 (0.00%),15,0,0,state_or_dependency_logic,True,False,retain
custom_rank_projects_by_score,rank_projects_by_score,0/15 (0.00%),15,0,0,invalid_input_or_validation,True,False,revise
se_filter_map_validate_nested,filter_map_validate,0/15 (0.00%),15,0,0,invalid_input_or_validation,True,False,revise
