dataset_index,task_id,entry_point,models_passing,models_total,pass_rate
11,custom_rank_projects_by_score,rank_projects_by_score,0,15,0.0
25,se_filter_map_validate_nested,filter_map_validate,0,15,0.0
52,custom_pretty_print_matrix,pretty_print_matrix,2,15,0.13333333333333333
50,custom_format_duration,format_duration,5,15,0.3333333333333333
16,custom_summarize_category_totals,summarize_category_totals,8,15,0.5333333333333333
23,str_clean_and_split_sentences,clean_and_split_sentences,8,15,0.5333333333333333
27,custom_rotate_matrix,rotate_matrix,9,15,0.6
14,custom_max_repeated_substring,max_repeated_substring,11,15,0.7333333333333333
8,custom_resolve_dependencies,resolve_dependencies,12,15,0.8
10,custom_normalize_filename,normalize_filename,13,15,0.8666666666666667
35,custom_min_stack,MinStack,13,15,0.8666666666666667
55,custom_validate_expression,validate_expression,13,15,0.8666666666666667
0,custom_find_balanced_sublist,find_balanced_sublist,14,15,0.9333333333333333
5,custom_can_form_expression,can_form_expression,14,15,0.9333333333333333
19,str_normalize_product_code,normalize_product_code,14,15,0.9333333333333333
29,se_severity_classifier,classify_severity,14,15,0.9333333333333333
30,alg_peak_finder,find_peak_index,14,15,0.9333333333333333
53,custom_unique_permutations,unique_permutations,14,15,0.9333333333333333
1,custom_merge_by_priority,merge_by_priority,15,15,1.0
2,custom_parse_env_config,parse_env_config,15,15,1.0
3,custom_minimal_partition_difference,minimal_partition_difference,15,15,1.0
4,custom_normalize_user_roles,normalize_user_roles,15,15,1.0
6,custom_has_balanced_bits,has_balanced_bits,15,15,1.0
7,custom_remove_repeating_groups,remove_repeating_groups,15,15,1.0
9,custom_clean_and_validate_urls,clean_and_validate_urls,15,15,1.0
12,custom_longest_prime_gap,longest_prime_gap,15,15,1.0
13,custom_categorize_commit_message,categorize_commit_message,15,15,1.0
15,custom_longest_valid_bracket_substring,longest_valid_bracket_substring,15,15,1.0
17,custom_filter_unique_keywords,filter_unique_keywords,15,15,1.0
18,ds_next_greater_circular,next_greater_circular,15,15,1.0
20,bit_single_number_triplicates,single_number_triplicates,15,15,1.0
21,graph_can_finish_prereqs,can_finish_prereqs,15,15,1.0
22,se_safe_deep_get,safe_deep_get,15,15,1.0
24,bit_counting_set_bits,count_set_bits,15,15,1.0
26,custom_sliding_window_max,sliding_window_max,15,15,1.0
28,alg_arithmetic_sequence,is_arithmetic_sequence,15,15,1.0
31,custom_find_anagrams,find_anagrams,15,15,1.0
32,custom_merge_intervals,merge_intervals,15,15,1.0
33,custom_binary_tree_paths,binary_tree_paths,15,15,1.0
34,custom_word_pattern,word_pattern,15,15,1.0
36,custom_lru_cache,LRUCache,15,15,1.0
37,custom_validate_ip_address,validate_ip_address,15,15,1.0
38,MyBench/dict_merge_max,merge_max,15,15,1.0
39,dict_invert_multival,invert_multival,15,15,1.0
40,bitwise_parity,even_parity,15,15,1.0
41,bitwise_swap,swap_xor,15,15,1.0
42,recursion_factorial,factorial,15,15,1.0
43,graph_bfs_order,bfs_order,15,15,1.0
44,parsing_csv_sum,csv_sum,15,15,1.0
45,parsing_regex_digits,extract_digits,15,15,1.0
46,algorithms_longest_increasing,lis_length,15,15,1.0
47,algorithms_knapsack01,knapsack01,15,15,1.0
48,custom_parse_csv_numbers,parse_csv_numbers,15,15,1.0
49,custom_normalize_json_keys,normalize_json_keys,15,15,1.0
51,custom_parse_key_value_config,parse_key_value_config,15,15,1.0
54,custom_format_prime_factors,format_prime_factors,15,15,1.0
56,custom_parse_roman,parse_roman,15,15,1.0
